{"stats":{"minecraft:picked_up":{"minecraft:crafting_table":1,"minecraft:acacia_log":3,"minecraft:porkchop":10,"minecraft:black_wool":2,"minecraft:mutton":16,"minecraft:white_wool":8},"minecraft:used":{"minecraft:wooden_axe":24,"minecraft:crafting_table":1},"minecraft:mined":{"minecraft:short_grass":11,"minecraft:acacia_log":3,"minecraft:crafting_table":1},"minecraft:crafted":{"minecraft:acacia_planks":12,"minecraft:crafting_table":1,"minecraft:stick":4,"minecraft:wooden_axe":1},"minecraft:killed":{"minecraft:sheep":10,"minecraft:pig":4},"minecraft:custom":{"minecraft:time_since_rest":11650,"minecraft:crouch_one_cm":330,"minecraft:play_time":11650,"minecraft:sprint_one_cm":13317,"minecraft:damage_taken":30,"minecraft:walk_one_cm":20158,"minecraft:sneak_time":44,"minecraft:mob_kills":14,"minecraft:jump":165,"minecraft:damage_dealt":1200,"minecraft:leave_game":2,"minecraft:time_since_death":11650,"minecraft:total_world_time":11650,"minecraft:interact_with_crafting_table":1,"minecraft:fall_one_cm":4277,"minecraft:fly_one_cm":25034,"minecraft:horse_one_cm":11717}},"DataVersion":3700}