{"stats":{"minecraft:picked_up":{"minecraft:crafting_table":1,"minecraft:acacia_log":3,"minecraft:porkchop":10,"minecraft:black_wool":2,"minecraft:mutton":14,"minecraft:white_wool":6},"minecraft:used":{"minecraft:wooden_axe":17,"minecraft:crafting_table":1},"minecraft:mined":{"minecraft:short_grass":7,"minecraft:acacia_log":3,"minecraft:crafting_table":1},"minecraft:crafted":{"minecraft:acacia_planks":12,"minecraft:crafting_table":1,"minecraft:stick":4,"minecraft:wooden_axe":1},"minecraft:killed":{"minecraft:sheep":8,"minecraft:pig":4},"minecraft:custom":{"minecraft:time_since_rest":4351,"minecraft:crouch_one_cm":330,"minecraft:play_time":4351,"minecraft:sprint_one_cm":10519,"minecraft:damage_taken":10,"minecraft:walk_one_cm":15632,"minecraft:sneak_time":43,"minecraft:mob_kills":12,"minecraft:jump":132,"minecraft:damage_dealt":1040,"minecraft:time_since_death":4351,"minecraft:total_world_time":4351,"minecraft:interact_with_crafting_table":1,"minecraft:fall_one_cm":2692,"minecraft:fly_one_cm":17743,"minecraft:horse_one_cm":9169}},"DataVersion":3700}